"","node.uris","node.names","node.types"
"1","<http://vivo.ufl.edu/individual/n100249>","Archie F. Carr Fellow","Program"
"2","<http://vivo.ufl.edu/individual/n1005699>","Video and Collaboration Services","Unknown"
"3","<http://vivo.ufl.edu/individual/n101415>","Powell Center for Construction and Environment","Center"
"4","<http://vivo.ufl.edu/individual/n101593>","Division of Cardiology - Jacksonville","Division"
"5","<http://vivo.ufl.edu/individual/n1017947>","CTSI KL2 Program","Program"
"6","<http://vivo.ufl.edu/individual/n1023300>","Medical Student Research Program","Program"
"7","<http://vivo.ufl.edu/individual/n1023301>","Okaloosa County Extension Office","ExtensionUnit"
"8","<http://vivo.ufl.edu/individual/n1023302>","Pinellas County Extension Office","ExtensionUnit"
"9","<http://vivo.ufl.edu/individual/n1023303>","Sarasota County Extension Office","ExtensionUnit"
"10","<http://vivo.ufl.edu/individual/n1023304>","Seminole County Extension Office","ExtensionUnit"
"11","<http://vivo.ufl.edu/individual/n1023305>","Suwannee County Extension Office","ExtensionUnit"
"12","<http://vivo.ufl.edu/individual/n1023306>","Alachua County Extension Office","ExtensionUnit"
"13","<http://vivo.ufl.edu/individual/n1023307>","Brevard County Extension Office","ExtensionUnit"
"14","<http://vivo.ufl.edu/individual/n1023308>","Broward County Extension Office","ExtensionUnit"
"15","<http://vivo.ufl.edu/individual/n1023309>","Calhoun County Extension Office","ExtensionUnit"
"16","<http://vivo.ufl.edu/individual/n102459>","UF/SPC Partnership Dental Clinic","Unknown"
"17","<http://vivo.ufl.edu/individual/n102547>","Pulmonary, Critical Care and Sleep Medicine","Division"
"18","<http://vivo.ufl.edu/individual/n102608>","Clinical Trial Compliance Oversight Committee","Unknown"
"19","<http://vivo.ufl.edu/individual/n102923>","Center for Instructional Technology and Training","Department"
"20","<http://vivo.ufl.edu/individual/n102962>","Pediatrics - Jacksonville","Department"
"21","<http://vivo.ufl.edu/individual/n103056>","Institute for Advanced Study of the Communication Processes","Institute"
"22","<http://vivo.ufl.edu/individual/n103455>","Pathology Administration","Division"
"23","<http://vivo.ufl.edu/individual/n104046>","e-Learning Support Services","Department"
"24","<http://vivo.ufl.edu/individual/n1043009103>","Arts and Crafts Center","Department"
"25","<http://vivo.ufl.edu/individual/n1043066>","Center for Studies in Criminology and Law","Center"
"26","<http://vivo.ufl.edu/individual/n104363>","Institute for Early Contact Period Studies","Institute"
"27","<http://vivo.ufl.edu/individual/n1045301>","Levy County Extension Office","ExtensionUnit"
"28","<http://vivo.ufl.edu/individual/n1045302>","Machine Tool Research Center","Center"
"29","<http://vivo.ufl.edu/individual/n1045303>","Polk County Extension Office","ExtensionUnit"
"30","<http://vivo.ufl.edu/individual/n1045304>","Bay County Extension Office","ExtensionUnit"
"31","<http://vivo.ufl.edu/individual/n1045305>","Center for Chemical Physics","Center"
"32","<http://vivo.ufl.edu/individual/n1045306>","Center for European Studies","Center"
"33","<http://vivo.ufl.edu/individual/n1045307>","Center for Exercise Science","Center"
"34","<http://vivo.ufl.edu/individual/n1045309>","Fisher School of Accounting","School"
"35","<http://vivo.ufl.edu/individual/n1045310>","Smathers Library","Library"
"36","<http://vivo.ufl.edu/individual/n104546>","Office of Technology Licensing","Department"
"37","<http://vivo.ufl.edu/individual/n1047045>","UF Health - Baymeadows","Unknown"
"38","<http://vivo.ufl.edu/individual/n104835>","Preston A. Wells Jr. Center For Brain Tumor Therapy","Center"
"39","<http://vivo.ufl.edu/individual/n104840>","Innovative Nuclear Space Power and Propulsion Institute","Institute"
"40","<http://vivo.ufl.edu/individual/n104958>","Center for Advanced Construction Information Modeling","Center"
"41","<http://vivo.ufl.edu/individual/n105028>","Center for Research in Pediatric Immune Deficiency","Center"
"42","<http://vivo.ufl.edu/individual/n105150>","Institute on Aging","Institute"
"43","<http://vivo.ufl.edu/individual/n105277>","IoA Genomics, Metabolism and Biomarkers Core","Laboratory"
"44","<http://vivo.ufl.edu/individual/n106094>","Economic Analysis Program","Division"
"45","<http://vivo.ufl.edu/individual/n106322>","Gulf Coast Research and Education Center","Center"
"46","<http://vivo.ufl.edu/individual/n106573>","Child Health Research Institute","Institute"
"47","<http://vivo.ufl.edu/individual/n107113>","UF Health - Lem Turner","Unknown"
"48","<http://vivo.ufl.edu/individual/n107320>","Center for Informal Science Education","Center"
"49","<http://vivo.ufl.edu/individual/n107326>","UF Health - Prudential Drive","Unknown"
"50","<http://vivo.ufl.edu/individual/n107773>","Florida Trauma Rehabilitation Center for Returning Military Personnel","Center"
"51","<http://vivo.ufl.edu/individual/n107958>","Office of the Controller","Department"
"52","<http://vivo.ufl.edu/individual/n108003>","Astronomy","Department"
"53","<http://vivo.ufl.edu/individual/n108182>","Philosophy","Department"
"54","<http://vivo.ufl.edu/individual/n108922>","CTSI Transformational Programs","Program"
"55","<http://vivo.ufl.edu/individual/n1107886012>","Mathematics","Department"
"56","<http://vivo.ufl.edu/individual/n110893>","Board of Trustees","Unknown"
"57","<http://vivo.ufl.edu/individual/n110924>","Environmental and Land Use Law Program","Program"
"58","<http://vivo.ufl.edu/individual/n111355>","CTSI Human Imaging Core","Laboratory"
"59","<http://vivo.ufl.edu/individual/n111932810>","Operative Division","Division"
"60","<http://vivo.ufl.edu/individual/n111977>","Neuroscience","Department"
"61","<http://vivo.ufl.edu/individual/n112585>","UF Health Communications","Department"
"62","<http://vivo.ufl.edu/individual/n113310>","Office of the Vice President and Chief Information Officer","Department"
"63","<http://vivo.ufl.edu/individual/n113334>","UF Health - Dupont Station","Unknown"
"64","<http://vivo.ufl.edu/individual/n11359>","University Press of Florida","Unknown"
"65","<http://vivo.ufl.edu/individual/n1137474444>","Police Department","Department"
"66","<http://vivo.ufl.edu/individual/n113856>","Software Licensing Services","Department"
"67","<http://vivo.ufl.edu/individual/n114048>","Shimberg Center for Affordable Housing","Center"
"68","<http://vivo.ufl.edu/individual/n1146765611>","Department of Student Activities and Involvement","Department"
"69","<http://vivo.ufl.edu/individual/n115440>","UF Health - Brentwood","Unknown"
"70","<http://vivo.ufl.edu/individual/n115472>","UF Health - Callahan","Unknown"
"71","<http://vivo.ufl.edu/individual/n116456>","IFAS Environmental Water Quality Laboratory","Laboratory"
"72","<http://vivo.ufl.edu/individual/n116517>","Neurology - Jacksonville","Department"
"73","<http://vivo.ufl.edu/individual/n116854>","Pallidotomy Clinical Research Program","Program"
"74","<http://vivo.ufl.edu/individual/n116952>","UF Health Dialysis Center","Unknown"
"75","<http://vivo.ufl.edu/individual/n117133>","Aquatic Pathobiology Laboratories","Laboratory"
"76","<http://vivo.ufl.edu/individual/n117336>","UF SpineCare","Program"
"77","<http://vivo.ufl.edu/individual/n117737>","Agricultural Law Center","Center"
"78","<http://vivo.ufl.edu/individual/n118596>","UF Health - Emerson","Unknown"
"79","<http://vivo.ufl.edu/individual/n118597>","Sociology and Criminology & Law","Department"
"80","<http://vivo.ufl.edu/individual/n118770>","Treasury Management","Department"
"81","<http://vivo.ufl.edu/individual/n1191375285>","Biostatistics","Department"
"82","<http://vivo.ufl.edu/individual/n119143>","Center for the Study of Emotion and Attention","Center"
"83","<http://vivo.ufl.edu/individual/n119212>","Craniofacial Center","Center"
"84","<http://vivo.ufl.edu/individual/n1193038>","Spirit Program","Program"
"85","<http://vivo.ufl.edu/individual/n119830>","University of Florida Research Foundation","Unknown"
"86","<http://vivo.ufl.edu/individual/n11993>","Leisure Courses","Program"
"87","<http://vivo.ufl.edu/individual/n120358>","Center for Translational Research in Neurodegenerative Disease","Center"
"88","<http://vivo.ufl.edu/individual/n120649>","Pediatric Nephrology","Division"
"89","<http://vivo.ufl.edu/individual/n121460>","Office of Research","Department"
"90","<http://vivo.ufl.edu/individual/n121678>","Enterprise Infrastructure and Operations","Department"
"91","<http://vivo.ufl.edu/individual/n121708>","Pediatric Neurology","Division"
"92","<http://vivo.ufl.edu/individual/n122794>","Emergency Management","Department"
"93","<http://vivo.ufl.edu/individual/n122912>","PERC Research and Development Facility","Laboratory"
"94","<http://vivo.ufl.edu/individual/n1234664812>","UF Navy ROTC","Department"
"95","<http://vivo.ufl.edu/individual/n123750>","Honors Program","Program"
"96","<http://vivo.ufl.edu/individual/n124292>","UF EDGE","Program"
"97","<http://vivo.ufl.edu/individual/n12430>","Institutional Animal Care and Use Committee","Unknown"
"98","<http://vivo.ufl.edu/individual/n124773>","UF Health - Magnolia Parke","Unknown"
"99","<http://vivo.ufl.edu/individual/n125362>","Office of the Senior Vice President and Chief Operating Officer","Department"
"100","<http://vivo.ufl.edu/individual/n125396>","Interdisciplinary Center for Biotechnology Research","Center"
"101","<http://vivo.ufl.edu/individual/n125679>","UF Marine Laboratory at Seahorse Key","Laboratory"
"102","<http://vivo.ufl.edu/individual/n125879>","Florida Opportunity Scholars Program","Program"
"103","<http://vivo.ufl.edu/individual/n126302>","Religion","Department"
"104","<http://vivo.ufl.edu/individual/n126367>","Shands Teaching Hospital Healthcare","Unknown"
"105","<http://vivo.ufl.edu/individual/n126536>","Center for Landscape Conservation and Ecology","Center"
"106","<http://vivo.ufl.edu/individual/n127298>","Ataxia Clinic in the Movement Disorders Center","Center"
"107","<http://vivo.ufl.edu/individual/n127342>","UF Health Physicians","Unknown"
"108","<http://vivo.ufl.edu/individual/n127522>","Indian River Research and Education Center","Center"
"109","<http://vivo.ufl.edu/individual/n127662>","Center for Leadership and Service","Center"
"110","<http://vivo.ufl.edu/individual/n1278101>","Language Learning Center","Center"
"111","<http://vivo.ufl.edu/individual/n1278102>","Legal Information Center","Library"
"112","<http://vivo.ufl.edu/individual/n1278103>","Florida Agricultural Experiment Station","Unknown"
"113","<http://vivo.ufl.edu/individual/n1278104>","Samuel P. Harn Museum of Art","Museum"
"114","<http://vivo.ufl.edu/individual/n1278105>","Center for Greek Studies","Center"
"115","<http://vivo.ufl.edu/individual/n1278106>","Economics","Department"
"116","<http://vivo.ufl.edu/individual/n1278107>","Marketing","Department"
"117","<http://vivo.ufl.edu/individual/n1278108>","Government Relations","Department"
"118","<http://vivo.ufl.edu/individual/n1278110>","Horticultural Sciences","Department"
"119","<http://vivo.ufl.edu/individual/n1278112>","Library Administration","Department"
"120","<http://vivo.ufl.edu/individual/n1278113>","Marston Science Library","Department"
"121","<http://vivo.ufl.edu/individual/n1278114>","Office of the Senior Vice President for Health Affairs","Department"
"122","<http://vivo.ufl.edu/individual/n1278115>","Physical Plant Division","Division"
"123","<http://vivo.ufl.edu/individual/n1278116>","School of Art and Art History","School"
"124","<http://vivo.ufl.edu/individual/n1278117>","Center for Epigenetics","Center"
"125","<http://vivo.ufl.edu/individual/n1278118>","College of Engineering","College"
"126","<http://vivo.ufl.edu/individual/n1278119>","Office of the President","Department"
"127","<http://vivo.ufl.edu/individual/n1278120>","School of Architecture","School"
"128","<http://vivo.ufl.edu/individual/n1278121>","School of Theatre and Dance","School"
"129","<http://vivo.ufl.edu/individual/n1278122>","Tropical Research and Education Center","Center"
"130","<http://vivo.ufl.edu/individual/n1278123>","Aquatic Animal Health","ExtensionUnit"
"131","<http://vivo.ufl.edu/individual/n1278124>","Government Documents","Library"
"132","<http://vivo.ufl.edu/individual/n1278125>","International Center","Center"
"133","<http://vivo.ufl.edu/individual/n1278126>","Large Animal Hospital","Hospital"
"134","<http://vivo.ufl.edu/individual/n1278127>","Paris Research Center","Center"
"135","<http://vivo.ufl.edu/individual/n1278128>","Small Animal Hospital","Hospital"
"136","<http://vivo.ufl.edu/individual/n1278129>","Soil and Water Science","Department"
"137","<http://vivo.ufl.edu/individual/n1278130>","University of Florida","University"
"138","<http://vivo.ufl.edu/individual/n128680>","Center for Implant Dentistry","Center"
"139","<http://vivo.ufl.edu/individual/n128719>","Adult Stem Cell Engineering and Therapeutics Core","Laboratory"
"140","<http://vivo.ufl.edu/individual/n128948>","Architecture and Fine Arts Library","Library"
"141","<http://vivo.ufl.edu/individual/n129037>","Fluor Program for Construction Safety","Program"
"142","<http://vivo.ufl.edu/individual/n129522>","Biochemistry and Molecular Biology","Department"
"143","<http://vivo.ufl.edu/individual/n129789>","Rehabilitation Science","Program"
"144","<http://vivo.ufl.edu/individual/n130713>","Nuclear Engineering","Program"
"145","<http://vivo.ufl.edu/individual/n131576>","Pharmaceutics","Department"
"146","<http://vivo.ufl.edu/individual/n133139>","Anthropology","Department"
"147","<http://vivo.ufl.edu/individual/n133175>","Biotechnology Program","Program"
"148","<http://vivo.ufl.edu/individual/n13427>","Otolaryngology","Department"
"149","<http://vivo.ufl.edu/individual/n134343>","CTSI Mentor Academy","Program"
"150","<http://vivo.ufl.edu/individual/n134897>","The Camp Center for Estate Planning","Center"
"151","<http://vivo.ufl.edu/individual/n135322>","Network Services","Department"
"152","<http://vivo.ufl.edu/individual/n135699>","Health Care Environments and Systems","Department"
"153","<http://vivo.ufl.edu/individual/n136581>","Information Security","Department"
"154","<http://vivo.ufl.edu/individual/n136830>","Mass Communications","Program"
"155","<http://vivo.ufl.edu/individual/n137352>","Social Area Training Program","Program"
"156","<http://vivo.ufl.edu/individual/n137552>","IFAS Analytical Research Laboratory","Laboratory"
"157","<http://vivo.ufl.edu/individual/n137585>","Ophthalmology","Department"
"158","<http://vivo.ufl.edu/individual/n1378991289>","M.E. Rinker Sr. School of Building Construction","School"
"159","<http://vivo.ufl.edu/individual/n1391997514>","Operative Dentistry","Division"
"160","<http://vivo.ufl.edu/individual/n139479>","Center for Modern German Studies","Center"
"161","<http://vivo.ufl.edu/individual/n139773>","Compliance and Support Services","Department"
"162","<http://vivo.ufl.edu/individual/n1413873275>","Center of Excellence for Regenerative Health Biotechnology","Center"
"163","<http://vivo.ufl.edu/individual/n142500>","CTSI Biobehavorial Core","Laboratory"
"164","<http://vivo.ufl.edu/individual/n142649>","ICBR Genomics Division","Laboratory"
"165","<http://vivo.ufl.edu/individual/n143130>","Neonatology","Division"
"166","<http://vivo.ufl.edu/individual/n143781>","UF Health Endoscopy Center","Unknown"
"167","<http://vivo.ufl.edu/individual/n14445>","Division of Genetics and Metabolism","Division"
"168","<http://vivo.ufl.edu/individual/n1459732594>","Baby Gator PK Yonge","Division"
"169","<http://vivo.ufl.edu/individual/n146054>","UF Health Multispeciality Center - St. Mary's","Unknown"
"170","<http://vivo.ufl.edu/individual/n146434>","Plant Medicine","Program"
"171","<http://vivo.ufl.edu/individual/n1466923641>","Physiology and Functional Genomics","Department"
"172","<http://vivo.ufl.edu/individual/n146988>","Florida-Brazil International Linkage Institute","Institute"
"173","<http://vivo.ufl.edu/individual/n149590>","Environmental Management Systems Institute","Institute"
"174","<http://vivo.ufl.edu/individual/n1496207541>","Dean of Students Office","Department"
"175","<http://vivo.ufl.edu/individual/n14982>","Training and Research Academy for Clinical and Translational Science","Program"
"176","<http://vivo.ufl.edu/individual/n150565>","Communicative Disorders Committee","Unknown"
"177","<http://vivo.ufl.edu/individual/n1505795>","Computer and Information Science and Engineering","Department"
"178","<http://vivo.ufl.edu/individual/n150759>","Speech, Language, and Hearing Sciences","Department"
"179","<http://vivo.ufl.edu/individual/n152255>","Historic St. Augustine","Unknown"
"180","<http://vivo.ufl.edu/individual/n152797>","Institute for Dispute Resolution","Institute"
"181","<http://vivo.ufl.edu/individual/n152851>","Physical Therapy","Department"
"182","<http://vivo.ufl.edu/individual/n153305>","Evelyn F. and William L. McKnight Brain Institute","Institute"
"183","<http://vivo.ufl.edu/individual/n154018>","Restorative Dental Sciences","Department"
"184","<http://vivo.ufl.edu/individual/n154234>","UF Health - Ayers","Unknown"
"185","<http://vivo.ufl.edu/individual/n155558>","Bachelor of Health Science Program","Program"
"186","<http://vivo.ufl.edu/individual/n155843>","Environmental Engineering Sciences","Department"
"187","<http://vivo.ufl.edu/individual/n156351>","UF Health Shands Cancer Hospital","Hospital"
"188","<http://vivo.ufl.edu/individual/n157448>","University of Florida Veterinary Medicine Large Animal Hospital Biosecurity Committee","Unknown"
"189","<http://vivo.ufl.edu/individual/n157597>","Neurosurgery","Department"
"190","<http://vivo.ufl.edu/individual/n157992>","Pharmaceutical Outcomes and Policy","Department"
"191","<http://vivo.ufl.edu/individual/n158150>","Microfabritech Program","Program"
"192","<http://vivo.ufl.edu/individual/n1581758808>","Recreational Sports","Department"
"193","<http://vivo.ufl.edu/individual/n1582589945>","Plant Science Research and Education Unit","Department"
"194","<http://vivo.ufl.edu/individual/n158611>","Cytogenetics","Laboratory"
"195","<http://vivo.ufl.edu/individual/n158831>","Student Government Advising","Department"
"196","<http://vivo.ufl.edu/individual/n159021>","Disability Resource Center","Department"
"197","<http://vivo.ufl.edu/individual/n1590995014>","Mechanical and Aerospace Engineering","Department"
"198","<http://vivo.ufl.edu/individual/n159196>","Center for Pain Research and Behavioral Health","Center"
"199","<http://vivo.ufl.edu/individual/n159204>","Medicinal Chemistry","Department"
"200","<http://vivo.ufl.edu/individual/n159213>","Center for Pyschiatry, Addiction and Pain Medicine","Unknown"
"201","<http://vivo.ufl.edu/individual/n160272>","UF Health Personalized Medicine Program","Program"
"202","<http://vivo.ufl.edu/individual/n160649>","Water Resources Research Center","Center"
"203","<http://vivo.ufl.edu/individual/n1614166193>","University of Florida Jacksonville Physicians","Unknown"
"204","<http://vivo.ufl.edu/individual/n161553>","Center for Addiction Research and Education","Center"
"205","<http://vivo.ufl.edu/individual/n161620>","Junior Honors Medical Program","Program"
"206","<http://vivo.ufl.edu/individual/n162119>","CTSI Implementation Science Program","Program"
"207","<http://vivo.ufl.edu/individual/n163034>","UF Health Orthopaedics and Sports Medicine Institute","Unknown"
"208","<http://vivo.ufl.edu/individual/n1631571675>","WUFT-FM Public Radio Station","Program"
"209","<http://vivo.ufl.edu/individual/n163434>","Prostate Disease Center","Center"
"210","<http://vivo.ufl.edu/individual/n164067>","Educational Affairs","Department"
"211","<http://vivo.ufl.edu/individual/n164272>","Population Program","Division"
"212","<http://vivo.ufl.edu/individual/n16495>","Division of Public Safety","Division"
"213","<http://vivo.ufl.edu/individual/n165242>","UF Health - Crossroads","Unknown"
"214","<http://vivo.ufl.edu/individual/n165387>","Graduate School","Unknown"
"215","<http://vivo.ufl.edu/individual/n166017>","College of Medicine","College"
"216","<http://vivo.ufl.edu/individual/n167257>","Hialeah Dental Center","Unknown"
"217","<http://vivo.ufl.edu/individual/n168066>","The Robert F. Lanzillotti Public Policy Research Center","Center"
"218","<http://vivo.ufl.edu/individual/n168220>","Institute of Archaeology and Paleoenvironmental Studies","Institute"
"219","<http://vivo.ufl.edu/individual/n168407>","Powell Center Toxicology Core","Laboratory"
"220","<http://vivo.ufl.edu/individual/n168764>","University of Florida Transportation Institute","Institute"
"221","<http://vivo.ufl.edu/individual/n169914>","Radiation Oncology","Department"
"222","<http://vivo.ufl.edu/individual/n170061>","Institutional Review Board, Jacksonville -- IRB03","Unknown"
"223","<http://vivo.ufl.edu/individual/n170589>","Facilities, Planning & Construction","Department"
"224","<http://vivo.ufl.edu/individual/n170840>","Civil and Coastal Engineering","Department"
"225","<http://vivo.ufl.edu/individual/n17102>","Program in Developmental Genetics","Program"
"226","<http://vivo.ufl.edu/individual/n171104>","UF Health Children's Hospital","Hospital"
"227","<http://vivo.ufl.edu/individual/n17140>","Neurology","Department"
"228","<http://vivo.ufl.edu/individual/n171682>","The McGuire Center for Lepidoptera and Biodiversity","Center"
"229","<http://vivo.ufl.edu/individual/n17202>","Public Health Program Planning and Evaluation","Program"
"230","<http://vivo.ufl.edu/individual/n172259>","Scanning & Scoring","Department"
"231","<http://vivo.ufl.edu/individual/n172580>","Adult and Elderly Nursing","Department"
"232","<http://vivo.ufl.edu/individual/n1733131133>","Office of the Ombuds","Department"
"233","<http://vivo.ufl.edu/individual/n173968>","UF Health - Rocky Point","Unknown"
"234","<http://vivo.ufl.edu/individual/n175309>","Human Resource Research Center","Center"
"235","<http://vivo.ufl.edu/individual/n175378>","Clinical Psychology Doctoral Program","Program"
"236","<http://vivo.ufl.edu/individual/n1755580055>","Classics","Department"
"237","<http://vivo.ufl.edu/individual/n175592>","Web Services","Department"
"238","<http://vivo.ufl.edu/individual/n175689>","Center for International Financial Crime Studies","Center"
"239","<http://vivo.ufl.edu/individual/n1766394062>","UF Army ROTC","Department"
"240","<http://vivo.ufl.edu/individual/n178134>","Anesthesiology","Department"
"241","<http://vivo.ufl.edu/individual/n178484>","Florida Occupant Protection Resource Center","Center"
"242","<http://vivo.ufl.edu/individual/n179501>","Florida Climate Institute","Institute"
"243","<http://vivo.ufl.edu/individual/n179554>","Open Systems Group","Division"
"244","<http://vivo.ufl.edu/individual/n179772>","Learning Spaces","Department"
"245","<http://vivo.ufl.edu/individual/n180908>","Language over the Lifespan Lab","Laboratory"
"246","<http://vivo.ufl.edu/individual/n181253>","Behavioral Science and Community Health","Department"
"247","<http://vivo.ufl.edu/individual/n1817193608>","Library Administration Humanities","Department"
"248","<http://vivo.ufl.edu/individual/n182338>","C. A. Pound Human Identification Laboratory","Laboratory"
"249","<http://vivo.ufl.edu/individual/n182427>","UF Health at Wolfson Children's Hospital","Unknown"
"250","<http://vivo.ufl.edu/individual/n182844>","Center for Leadership","Center"
"251","<http://vivo.ufl.edu/individual/n182893>","CTSI Communications Research Program","Program"
"252","<http://vivo.ufl.edu/individual/n183020>","Health Outcomes and Policy","Department"
"253","<http://vivo.ufl.edu/individual/n183358>","Self-Insurance Program","Program"
"254","<http://vivo.ufl.edu/individual/n183397>","UF Health - Augustine Oaks","Unknown"
"255","<http://vivo.ufl.edu/individual/n1842464339>","Engineering School of Sustainable Infrastructure and Environment","School"
"256","<http://vivo.ufl.edu/individual/n18508>","J. Wayne Reitz Union","Department"
"257","<http://vivo.ufl.edu/individual/n1856416225>","Digital Library Center","Center"
"258","<http://vivo.ufl.edu/individual/n185784638>","UF Purchasing","Department"
"259","<http://vivo.ufl.edu/individual/n1861618387>","Low Temperature Division","Division"
"260","<http://vivo.ufl.edu/individual/n18707>","Quantum Theory Project","Center"
"261","<http://vivo.ufl.edu/individual/n1880524194>","Cataloging Metadata","Department"
"262","<http://vivo.ufl.edu/individual/n188597>","Biomedical Informatics","Unknown"
"263","<http://vivo.ufl.edu/individual/n1886867191>","Biopharmeceutical Production Services Facility","Laboratory"
"264","<http://vivo.ufl.edu/individual/n188982>","CTSI Regulatory Knowledge and Research Support","Program"
"265","<http://vivo.ufl.edu/individual/n189170>","Center for Spirituality and Health","Center"
"266","<http://vivo.ufl.edu/individual/n189516>","Water Institute","Institute"
"267","<http://vivo.ufl.edu/individual/n19045>","Florida Foundation Seed Producers","Unknown"
"268","<http://vivo.ufl.edu/individual/n190618>","UF Health - Medical Plaza","Unknown"
"269","<http://vivo.ufl.edu/individual/n191075>","Landscape Architecture","Department"
"270","<http://vivo.ufl.edu/individual/n191785>","Molecular Genetics and Microbiology","Department"
"271","<http://vivo.ufl.edu/individual/n1920628093>","WUFT TV Public Television Station","Program"
"272","<http://vivo.ufl.edu/individual/n193072>","UF Health Science Center Institutional Review Board -- IRB01","Unknown"
"273","<http://vivo.ufl.edu/individual/n193403>","UF Health Shands Psychiatric Hospital","Hospital"
"274","<http://vivo.ufl.edu/individual/n193744>","Living Well","Program"
"275","<http://vivo.ufl.edu/individual/n193795>","Citrus Research and Education Center","Center"
"276","<http://vivo.ufl.edu/individual/n1945210>","Oral & Maxillofacial Surgery - Jacksonville","Department"
"277","<http://vivo.ufl.edu/individual/n194582>","UF Health Cardiology - Lake City","Unknown"
"278","<http://vivo.ufl.edu/individual/n195152>","Pediatric Hematology and Oncology","Division"
"279","<http://vivo.ufl.edu/individual/n195322>","UF Health Cancer Center Biostatistics Core","Laboratory"
"280","<http://vivo.ufl.edu/individual/n195536>","School of Advanced Dental Sciences","School"
"281","<http://vivo.ufl.edu/individual/n197975>","UF Health Cancer Center Structure-based Drug Design Lab","Laboratory"
"282","<http://vivo.ufl.edu/individual/n198430>","Student Conduct and Conflict Resolution","Department"
"283","<http://vivo.ufl.edu/individual/n199051>","Nanoscale Research Facility","Center"
"284","<http://vivo.ufl.edu/individual/n199388>","McTrans","Center"
"285","<http://vivo.ufl.edu/individual/n20006>","Business Affairs","Department"
"286","<http://vivo.ufl.edu/individual/n2012281>","Archer Family Health Care","Unknown"
"287","<http://vivo.ufl.edu/individual/n20147>","Center for the Study of Race and Race Relations","Center"
"288","<http://vivo.ufl.edu/individual/n2021222054>","Student Health Care Center","Unknown"
"289","<http://vivo.ufl.edu/individual/n202309>","Community Health and Family Medicine - Jacksonville","Department"
"290","<http://vivo.ufl.edu/individual/n202620>","Mouse Models Core","Laboratory"
"291","<http://vivo.ufl.edu/individual/n2030376853>","Biology","Department"
"292","<http://vivo.ufl.edu/individual/n203634>","Academic Technology","Department"
"293","<http://vivo.ufl.edu/individual/n203777>","Clinical Pathology","Division"
"294","<http://vivo.ufl.edu/individual/n204092>","Center for Vision, Graphics and Medical Imaging","Center"
"295","<http://vivo.ufl.edu/individual/n20514>","Pediatric Immunology, Rheumatology and Infectious Disease","Division"
"296","<http://vivo.ufl.edu/individual/n205597>","Linguistics","Department"
"297","<http://vivo.ufl.edu/individual/n205954>","College of Medicine - Jacksonville","AdministrativeUnit"
"298","<http://vivo.ufl.edu/individual/n206656>","CTSI Jacksonville","Program"
"299","<http://vivo.ufl.edu/individual/n207548>","Strength and Conditioning","Department"
"300","<http://vivo.ufl.edu/individual/n207803>","Electrical and Computer Engineering","Department"
"301","<http://vivo.ufl.edu/individual/n208369>","University of Florida Master of Public Health Program","Program"
"302","<http://vivo.ufl.edu/individual/n209499>","Digital Collections","Library"
"303","<http://vivo.ufl.edu/individual/n210239>","UF Health - New Berlin","Unknown"
"304","<http://vivo.ufl.edu/individual/n21130>","Faculty Senate","Unknown"
"305","<http://vivo.ufl.edu/individual/n211919>","Center for Inflammation and Mucosal Immunology","Center"
"306","<http://vivo.ufl.edu/individual/n212969>","Academic and Professional Assembly","Unknown"
"307","<http://vivo.ufl.edu/individual/n212996>","Florida Transportation Technology Transfer Center","Center"
"308","<http://vivo.ufl.edu/individual/n21345>","Mycobacteriology","Division"
"309","<http://vivo.ufl.edu/individual/n2141234302>","Medicine","Department"
"310","<http://vivo.ufl.edu/individual/n214899>","Institute for Human Rights & Peace Development","Institute"
"311","<http://vivo.ufl.edu/individual/n215768>","Office of the Vice President for Student Affairs","Department"
"312","<http://vivo.ufl.edu/individual/n217016>","Bureau of Economic and Business Research","Center"
"313","<http://vivo.ufl.edu/individual/n220928>","CTSI Academy of Research Excellence","Program"
"314","<http://vivo.ufl.edu/individual/n223448>","Hospital Medicine","Division"
"315","<http://vivo.ufl.edu/individual/n22518>","Office of the Vice President and General Counsel","Department"
"316","<http://vivo.ufl.edu/individual/n225670>","UF Computing Help Desk","Department"
"317","<http://vivo.ufl.edu/individual/n225743>","Health Impacts","Program"
"318","<http://vivo.ufl.edu/individual/n225862>","Stereotactic Radiosurgery Lab","Laboratory"
"319","<http://vivo.ufl.edu/individual/n226410>","Southeastern Transportation Research, Development and Education Center","Center"
"320","<http://vivo.ufl.edu/individual/n226612>","UF Health Total Care Clinic","Unknown"
"321","<http://vivo.ufl.edu/individual/n226666>","Environmental and  Global Health","Department"
"322","<http://vivo.ufl.edu/individual/n227698>","Music Library","Library"
"323","<http://vivo.ufl.edu/individual/n228804>","Statistics","Department"
"324","<http://vivo.ufl.edu/individual/n228850>","Pediatric Cellular and Molecular Therapy","Division"
"325","<http://vivo.ufl.edu/individual/n230011>","Medicine - Jacksonville","Department"
"326","<http://vivo.ufl.edu/individual/n231224>","UF Health - Merril Road","Unknown"
"327","<http://vivo.ufl.edu/individual/n231247>","Human Applications Lab","Laboratory"
"328","<http://vivo.ufl.edu/individual/n23243>","Biobehavioral Research Center","Center"
"329","<http://vivo.ufl.edu/individual/n232486>","Orthopaedic Surgery and Rehabilitation - Jacksonville","Department"
"330","<http://vivo.ufl.edu/individual/n234789>","Adult Neurology Comprehensive Epilepsy Program","Program"
"331","<http://vivo.ufl.edu/individual/n235579>","Education Library","Library"
"332","<http://vivo.ufl.edu/individual/n235914>","Sports Health","Department"
"333","<http://vivo.ufl.edu/individual/n236186>","UF Health - Blanding","Unknown"
"334","<http://vivo.ufl.edu/individual/n236279>","Business Management Student Affairs","Department"
"335","<http://vivo.ufl.edu/individual/n23701>","UF Health Recovery Center - Jacksonville","Unknown"
"336","<http://vivo.ufl.edu/individual/n237286>","UF Health - Main","Unknown"
"337","<http://vivo.ufl.edu/individual/n237306>","College of Veterinary Medicine","College"
"338","<http://vivo.ufl.edu/individual/n237403>","Molecular Pathology Core","Laboratory"
"339","<http://vivo.ufl.edu/individual/n23788>","Enterprise Systems","Department"
"340","<http://vivo.ufl.edu/individual/n23802>","Student Health Advisory Board","Unknown"
"341","<http://vivo.ufl.edu/individual/n238208>","Emergency Medicine","Department"
"342","<http://vivo.ufl.edu/individual/n238341>","The William and Grace Dial Center for Written and Oral Communication","Center"
"343","<http://vivo.ufl.edu/individual/n23891>","College Preservation Programs","Program"
"344","<http://vivo.ufl.edu/individual/n239062>","UF Health - Beaches","Unknown"
"345","<http://vivo.ufl.edu/individual/n239089>","UF Health Florida Recovery Center at Tampa","Unknown"
"346","<http://vivo.ufl.edu/individual/n24007>","University of Florida Alumni Association","Unknown"
"347","<http://vivo.ufl.edu/individual/n241136>","Office of Postdoctoral Affairs","Department"
"348","<http://vivo.ufl.edu/individual/n24124>","Rehabilitation Counseling","Division"
"349","<http://vivo.ufl.edu/individual/n241812>","H. James Free Center for Primary Care Education and Innovation","Center"
"350","<http://vivo.ufl.edu/individual/n242078>","Pharmacology and Therapeutics","Department"
"351","<http://vivo.ufl.edu/individual/n242619471>","Pre-doctoral General Dentistry","Division"
"352","<http://vivo.ufl.edu/individual/n243200>","Agricultural and Biological Engineering","Department"
"353","<http://vivo.ufl.edu/individual/n243202>","Center for Women's Studies & Gender Research","Center"
"354","<http://vivo.ufl.edu/individual/n243203>","Oral History Program","Program"
"355","<http://vivo.ufl.edu/individual/n243204>","College of Agricultural and Life Sciences","College"
"356","<http://vivo.ufl.edu/individual/n243205>","College of Journalism and Communications","College"
"357","<http://vivo.ufl.edu/individual/n243206>","Florida Institute for Sustainable Energy","Institute"
"358","<http://vivo.ufl.edu/individual/n243207>","Institute for Advanced Computer Research","Institute"
"359","<http://vivo.ufl.edu/individual/n243208>","Major Analytical Instrumentation Center","Center"
"360","<http://vivo.ufl.edu/individual/n243210>","Mind-Machine Interaction Research Center","Center"
"361","<http://vivo.ufl.edu/individual/n243212>","Whitney Laboratory for Marine Bioscience","Laboratory"
"362","<http://vivo.ufl.edu/individual/n243213>","Tourism Recreation and Sport Management","Department"
"363","<http://vivo.ufl.edu/individual/n243214>","Reubin O'D. Askew Institute on Politics and Society","Institute"
"364","<http://vivo.ufl.edu/individual/n243215>","Center for Neuropsychological Studies","Center"
"365","<http://vivo.ufl.edu/individual/n243216>","Center for Surface Science and Engineering","Center"
"366","<http://vivo.ufl.edu/individual/n243217>","College of Health and Human Performance","College"
"367","<http://vivo.ufl.edu/individual/n243218>","Endocrinology, Diabetes and Metabolism","Division"
"368","<http://vivo.ufl.edu/individual/n243219>","UF/IFAS Extension","ExtensionUnit"
"369","<http://vivo.ufl.edu/individual/n243221>","Center for Aquatic and Invasive Plants","Center"
"370","<http://vivo.ufl.edu/individual/n243222>","College of Dentistry","College"
"371","<http://vivo.ufl.edu/individual/n243605>","Institute on Child Health Policy","Institute"
"372","<http://vivo.ufl.edu/individual/n243754>","Pharmacology","Department"
"373","<http://vivo.ufl.edu/individual/n24400>","UF Health - Gerold L. Schiebler Children's Medical Services Center","Unknown"
"374","<http://vivo.ufl.edu/individual/n244452>","Center for Structural Biology","Center"
"375","<http://vivo.ufl.edu/individual/n244864>","Clinical and Health Psychology","Department"
"376","<http://vivo.ufl.edu/individual/n245433>","UF Health - Soutel Plaza","Unknown"
"377","<http://vivo.ufl.edu/individual/n246458>","UF Health Florida Recovery Center at Orlando Health","Unknown"
"378","<http://vivo.ufl.edu/individual/n247348>","UF Health - Elizabeth G. Means Center","Unknown"
"379","<http://vivo.ufl.edu/individual/n247427>","Puerto Rican Engineering Society Student Chapter","Unknown"
"380","<http://vivo.ufl.edu/individual/n248281>","Map and Imagery Library","Library"
"381","<http://vivo.ufl.edu/individual/n250701>","Surgery","Department"
"382","<http://vivo.ufl.edu/individual/n251556>","Pediatric Hospital Medicine","Division"
"383","<http://vivo.ufl.edu/individual/n251990>","Sorority and Fraternity Affairs","Department"
"384","<http://vivo.ufl.edu/individual/n252229>","UF Health - Murray Hill","Unknown"
"385","<http://vivo.ufl.edu/individual/n252673>","University of Florida Society for Viral Studies","Unknown"
"386","<http://vivo.ufl.edu/individual/n252723>","Aging and Geriatric Research","Department"
"387","<http://vivo.ufl.edu/individual/n253336>","Fisheries and Aquatic Sciences","Department"
"388","<http://vivo.ufl.edu/individual/n253956>","Brooks Center for Rehabilitation Studies","Center"
"389","<http://vivo.ufl.edu/individual/n254611>","Emergency Medicine - Jacksonville","Department"
"390","<http://vivo.ufl.edu/individual/n256931>","UF Genetics Institute","Center"
"391","<http://vivo.ufl.edu/individual/n258044>","Putnam County Extension Office","ExtensionUnit"
"392","<http://vivo.ufl.edu/individual/n258117>","University of Florida IFAS Emerging Pathogens Committee","Unknown"
"393","<http://vivo.ufl.edu/individual/n259062>","Center for Governmental Responsibility","Center"
"394","<http://vivo.ufl.edu/individual/n26545>","Office of Medical Informatics","Department"
"395","<http://vivo.ufl.edu/individual/n267073>","Center for Molecular Microbiology","Center"
"396","<http://vivo.ufl.edu/individual/n26857>","Ph.D. Program in Health Services Research","Program"
"397","<http://vivo.ufl.edu/individual/n270410>","Biotechnologies for the Ecological, Evolutionary and Conservation Sciences","Program"
"398","<http://vivo.ufl.edu/individual/n27238>","UF Health Jacksonville","Unknown"
"399","<http://vivo.ufl.edu/individual/n272434>","Addictive and Health Behaviors Research Institute","Institute"
"400","<http://vivo.ufl.edu/individual/n272435>","Center for Macromolecular Science and Engineering","Center"
"401","<http://vivo.ufl.edu/individual/n272436>","Center for Pediatric Psychology and Family Studies","Center"
"402","<http://vivo.ufl.edu/individual/n272437>","Institute for Mobility, Activity and Participation","Institute"
"403","<http://vivo.ufl.edu/individual/n272438>","Diabetes Research, Education and Treatment Center","Center"
"404","<http://vivo.ufl.edu/individual/n272439>","Infectious Disease Pharmacokinetics Laboratory","Laboratory"
"405","<http://vivo.ufl.edu/individual/n272440>","Center on Personnel Studies in Special Education","Center"
"406","<http://vivo.ufl.edu/individual/n272441>","Infectious Diseases and Pathology","Department"
"407","<http://vivo.ufl.edu/individual/n272442>","Florida Center for Renewable Chemicals and Fuels","Center"
"408","<http://vivo.ufl.edu/individual/n272444>","Program in Schizophrenia and Related Conditions","Program"
"409","<http://vivo.ufl.edu/individual/n27511>","UF Health - San Jose","Unknown"
"410","<http://vivo.ufl.edu/individual/n27585>","UF Health Shands Rehab Hospital","Hospital"
"411","<http://vivo.ufl.edu/individual/n27693>","Sports Medicine Research Laboratory","Laboratory"
"412","<http://vivo.ufl.edu/individual/n277156>","Payroll & Tax Services","Department"
"413","<http://vivo.ufl.edu/individual/n280258>","UF Health Cardiology - Starke","Unknown"
"414","<http://vivo.ufl.edu/individual/n281373>","Center for NeuroGenetics","Center"
"415","<http://vivo.ufl.edu/individual/n2817>","Teaching Center","Department"
"416","<http://vivo.ufl.edu/individual/n28211>","Residency Program, Department of Otolaryngology-Head & Neck Surgery","Program"
"417","<http://vivo.ufl.edu/individual/n282410>","UF Health - Normandy","Unknown"
"418","<http://vivo.ufl.edu/individual/n296184>","Poe Financial Group Business Ethics Program","Program"
"419","<http://vivo.ufl.edu/individual/n296228>","Pediatrics","Department"
"420","<http://vivo.ufl.edu/individual/n29773>","UF Health - Generation to Generation","Unknown"
"421","<http://vivo.ufl.edu/individual/n298333>","Health Services Research, Management and Policy","Department"
"422","<http://vivo.ufl.edu/individual/n30441>","Office of Internal Audit","Department"
"423","<http://vivo.ufl.edu/individual/n30722>","Food and Environmental Toxicology Laboratory","Laboratory"
"424","<http://vivo.ufl.edu/individual/n309853>","Lung Transplant","Program"
"425","<http://vivo.ufl.edu/individual/n31093>","Clinical Neuropsychology Research Laboratory","Laboratory"
"426","<http://vivo.ufl.edu/individual/n31160>","College of Veterinary Medicine SACS Accreditation Ad Hoc Committee on International Activities","Unknown"
"427","<http://vivo.ufl.edu/individual/n31376>","CTSI TL1 Program","Program"
"428","<http://vivo.ufl.edu/individual/n31457>","Animal Care Services ","Laboratory"
"429","<http://vivo.ufl.edu/individual/n317780>","Legal Technology Institute","Institute"
"430","<http://vivo.ufl.edu/individual/n317949>","Surgery - Jacksonville","Department"
"431","<http://vivo.ufl.edu/individual/n318321>","Obstetrics and Gynecology","Department"
"432","<http://vivo.ufl.edu/individual/n32064>","CTSI Community Engagement Program","Program"
"433","<http://vivo.ufl.edu/individual/n321133>","NCEF (Naples) Pediatric Dental Center","Unknown"
"434","<http://vivo.ufl.edu/individual/n32260>","Chemistry","Department"
"435","<http://vivo.ufl.edu/individual/n32286>","Computer Aided Music Instruction Lab","Laboratory"
"436","<http://vivo.ufl.edu/individual/n32557>","Operations Analysis","Department"
"437","<http://vivo.ufl.edu/individual/n32622>","Center for Management Communication","Center"
"438","<http://vivo.ufl.edu/individual/n32710>","University of Florida International Center Review Committee","Unknown"
"439","<http://vivo.ufl.edu/individual/n329021>","Electron Microscopy Core Facility","Laboratory"
"440","<http://vivo.ufl.edu/individual/n33166>","Baughman Center","Program"
"441","<http://vivo.ufl.edu/individual/n332487>","Industrial and Systems Engineering","Department"
"442","<http://vivo.ufl.edu/individual/n333195>","3D Print Laboratory","Laboratory"
"443","<http://vivo.ufl.edu/individual/n333604>","UF Health Medical Lab","Laboratory"
"444","<http://vivo.ufl.edu/individual/n334287664>","Epidemiology","Department"
"445","<http://vivo.ufl.edu/individual/n33447>","UF Health Senior Care","Unknown"
"446","<http://vivo.ufl.edu/individual/n33486>","The Documentary Institute","Institute"
"447","<http://vivo.ufl.edu/individual/n33876>","UF Health Cancer Center at Orlando Health","Unknown"
"448","<http://vivo.ufl.edu/individual/n3389>","UF Health Forensic Medicine","Unknown"
"449","<http://vivo.ufl.edu/individual/n34166>","Survey Research Center","Center"
"450","<http://vivo.ufl.edu/individual/n34311>","Center for Tropical Agriculture","Center"
"451","<http://vivo.ufl.edu/individual/n34350>","Urban and Regional Planning","Department"
"452","<http://vivo.ufl.edu/individual/n343629>","Clinical and Translational Science Informatics and Technology","Program"
"453","<http://vivo.ufl.edu/individual/n344655>","Prosthodontics Graduate Program","Program"
"454","<http://vivo.ufl.edu/individual/n351741>","Center for International Design and Planning","Center"
"455","<http://vivo.ufl.edu/individual/n352345>","Harrell Professional Development and Assessment Center","Center"
"456","<http://vivo.ufl.edu/individual/n352346>","Florida Medical Entomology Laboratory Research and Education Center","Center"
"457","<http://vivo.ufl.edu/individual/n352347>","Program in Stem Cell Biology and Regenerative Medicine","Program"
"458","<http://vivo.ufl.edu/individual/n352348>","Institute for High Energy Physics and Astrophysics","Institute"
"459","<http://vivo.ufl.edu/individual/n352349>","Center for Telehealth and Healthcare Communications","Center"
"460","<http://vivo.ufl.edu/individual/n352350>","Reproductive and Perinatal Biology Research Program","Program"
"461","<http://vivo.ufl.edu/individual/n352351>","International Agricultural Trade and Policy Center","Center"
"462","<http://vivo.ufl.edu/individual/n352352>","Nephrology, Hypertension and Renal Transplantation","Division"
"463","<http://vivo.ufl.edu/individual/n352825>","IoA Clinical Research Core","Laboratory"
"464","<http://vivo.ufl.edu/individual/n35294>","Center for Dental Biomaterials","Center"
"465","<http://vivo.ufl.edu/individual/n35781>","Center on Children and Families","Center"
"466","<http://vivo.ufl.edu/individual/n35823>","UF Health - Eastside","Unknown"
"467","<http://vivo.ufl.edu/individual/n35868>","Global Pathogens Laboratory","Laboratory"
"468","<http://vivo.ufl.edu/individual/n358940>","Anatomic Pathology","Division"
"469","<http://vivo.ufl.edu/individual/n361590>","Chemical Engineering","Department"
"470","<http://vivo.ufl.edu/individual/n363512>","North Florida Research and Education Center","Center"
"471","<http://vivo.ufl.edu/individual/n36410>","Surgical Research Training Lab","Laboratory"
"472","<http://vivo.ufl.edu/individual/n366300>","Miami-Dade County Extension Office","ExtensionUnit"
"473","<http://vivo.ufl.edu/individual/n366301>","Mineral Resources Research Center","Center"
"474","<http://vivo.ufl.edu/individual/n366302>","New World School of the Arts ","School"
"475","<http://vivo.ufl.edu/individual/n366303>","Palm Beach County Extension Office","ExtensionUnit"
"476","<http://vivo.ufl.edu/individual/n366304>","Santa Rosa County Extension Office","ExtensionUnit"
"477","<http://vivo.ufl.edu/individual/n366305>","Wildlife Ecology and Conservation","Department"
"478","<http://vivo.ufl.edu/individual/n366306>","Bradford County Extension Office","ExtensionUnit"
"479","<http://vivo.ufl.edu/individual/n366307>","Center for Latin American Studies","Center"
"480","<http://vivo.ufl.edu/individual/n366309>","Columbia County Extension Office","ExtensionUnit"
"481","<http://vivo.ufl.edu/individual/n366310>","Database Systems Research Center","Center"
"482","<http://vivo.ufl.edu/individual/n366311>","Telecommunication","Department"
"483","<http://vivo.ufl.edu/individual/n366312>","Division of Continuing Education","Division"
"484","<http://vivo.ufl.edu/individual/n366313>","Escambia County Extension Office","ExtensionUnit"
"485","<http://vivo.ufl.edu/individual/n366314>","Florida Museum of Natural History","Museum"
"486","<http://vivo.ufl.edu/individual/n366315>","Franklin County Extension Office","ExtensionUnit"
"487","<http://vivo.ufl.edu/individual/n366317>","Hamilton County Extension Office","ExtensionUnit"
"488","<http://vivo.ufl.edu/individual/n366318>","Hernando County Extension Office","ExtensionUnit"
"489","<http://vivo.ufl.edu/individual/n366319>","Hough Graduate School of Business","School"
"490","<http://vivo.ufl.edu/individual/n366320>","Institute for Fundamental Theory","Institute"
"491","<http://vivo.ufl.edu/individual/n366321>","Medical Physics Graduate Program","Program"
"492","<http://vivo.ufl.edu/individual/n366477>","Florida Minority Task Force on Occupant Protection","Program"
"493","<http://vivo.ufl.edu/individual/n366884>","Borland Library","Library"
"494","<http://vivo.ufl.edu/individual/n368320>","Research Administration and Compliance","Department"
"495","<http://vivo.ufl.edu/individual/n37347>","Geriatric Education Center","Center"
"496","<http://vivo.ufl.edu/individual/n374589>","International Center for Research in Accounting and Auditing","Center"
"497","<http://vivo.ufl.edu/individual/n37487>","Computational Biology","Program"
"498","<http://vivo.ufl.edu/individual/n37623>","UF Health Shands HomeCare","Unknown"
"499","<http://vivo.ufl.edu/individual/n37673>","CTAC Histology Resource Lab","Laboratory"
"500","<http://vivo.ufl.edu/individual/n37788>","Women's Athletics","Department"
"501","<http://vivo.ufl.edu/individual/n379316>","Pediatric Genetics and Metabolism","Division"
"502","<http://vivo.ufl.edu/individual/n38172>","Office of Research and Graduate Studies","Department"
"503","<http://vivo.ufl.edu/individual/n38255>","Exercise Therapy Program","Program"
"504","<http://vivo.ufl.edu/individual/n385582>","UF Health Cardiology Electrophysiology Center - The Villages","Unknown"
"505","<http://vivo.ufl.edu/individual/n38620>","Gator Boosters","Unknown"
"506","<http://vivo.ufl.edu/individual/n386367283>","Prosthodontics Resident Program","Program"
"507","<http://vivo.ufl.edu/individual/n387791>","UF Health - Jonesville","Unknown"
"508","<http://vivo.ufl.edu/individual/n390507>","New Student and Family Programs","Department"
"509","<http://vivo.ufl.edu/individual/n39107>","Florida Institute on Disability and Rehabilitation","Institute"
"510","<http://vivo.ufl.edu/individual/n391868>","Physics","Department"
"511","<http://vivo.ufl.edu/individual/n39196>","Biochemistry of Aging Laboratory","Laboratory"
"512","<http://vivo.ufl.edu/individual/n398110>","Epigenetics Search Committee","Unknown"
"513","<http://vivo.ufl.edu/individual/n39939>","Distance Education Program","Program"
"514","<http://vivo.ufl.edu/individual/n405091>","Anatomy and Cell Biology","Department"
"515","<http://vivo.ufl.edu/individual/n40590>","Center for Cooperative Agricultural Programs","Center"
"516","<http://vivo.ufl.edu/individual/n410167>","Orthopaedics and Rehabilitation","Department"
"517","<http://vivo.ufl.edu/individual/n41058>","Contracts and Grants","Department"
"518","<http://vivo.ufl.edu/individual/n413804>","Informatics Institute","Institute"
"519","<http://vivo.ufl.edu/individual/n41661>","Gators for Asha","Unknown"
"520","<http://vivo.ufl.edu/individual/n41665>","Center for Movement Disorders and Neurorestoration","Center"
"521","<http://vivo.ufl.edu/individual/n421322>","UF Health Family Medicine - Yulee","Unknown"
"522","<http://vivo.ufl.edu/individual/n421780>","Radiology","Department"
"523","<http://vivo.ufl.edu/individual/n422156>","Psychiatry","Department"
"524","<http://vivo.ufl.edu/individual/n42402>","Tropical Conservation and Development Program","Program"
"525","<http://vivo.ufl.edu/individual/n43381>","Community Health and Family Medicine","Department"
"526","<http://vivo.ufl.edu/individual/n434531>","ICBR Bioinformatics Division","Laboratory"
"527","<http://vivo.ufl.edu/individual/n43531>","General Pediatrics","Division"
"528","<http://vivo.ufl.edu/individual/n436056>","Pain Research and Intervention Center of Excellence","Center"
"529","<http://vivo.ufl.edu/individual/n437432>","New Student and Family Programs","Program"
"530","<http://vivo.ufl.edu/individual/n438002092>","Languages, Literatures and Cultures","Department"
"531","<http://vivo.ufl.edu/individual/n43833>","College of Medicine Faculty Council","Unknown"
"532","<http://vivo.ufl.edu/individual/n43899>","Simulation Center","Center"
"533","<http://vivo.ufl.edu/individual/n44035>","Center for Cellular Reprogramming","Center"
"534","<http://vivo.ufl.edu/individual/n44228>","Archie Carr Center for Sea Turtle Research","Center"
"535","<http://vivo.ufl.edu/individual/n44238>","English Language Institute","Institute"
"536","<http://vivo.ufl.edu/individual/n443120>","Customer Technology Services","Department"
"537","<http://vivo.ufl.edu/individual/n444667999>","Office of Sustainability","Department"
"538","<http://vivo.ufl.edu/individual/n44585>","Business Services Division","Division"
"539","<http://vivo.ufl.edu/individual/n445939856>","Multicultural and Diversity Affairs","Department"
"540","<http://vivo.ufl.edu/individual/n44686>","Center for Supply Chain Management","Center"
"541","<http://vivo.ufl.edu/individual/n45343>","Human Resource Services","Department"
"542","<http://vivo.ufl.edu/individual/n459661>","Business Library","Library"
"543","<http://vivo.ufl.edu/individual/n460735>","Predoctoral Internship in Clinical Psychology","Program"
"544","<http://vivo.ufl.edu/individual/n46114>","Privacy Office","Department"
"545","<http://vivo.ufl.edu/individual/n462067>","UF Health Cancer Center","Center"
"546","<http://vivo.ufl.edu/individual/n462349>","CTSI Research Design and Analysis Program","Program"
"547","<http://vivo.ufl.edu/individual/n465319943>","Division of Continuing Education Development Program","Program"
"548","<http://vivo.ufl.edu/individual/n466101>","Center for Catalysis","Center"
"549","<http://vivo.ufl.edu/individual/n466102>","Center for World Arts","Center"
"550","<http://vivo.ufl.edu/individual/n466104>","College of Education","College"
"551","<http://vivo.ufl.edu/individual/n466105>","Florida MBA Programs","Program"
"552","<http://vivo.ufl.edu/individual/n466106>","Infectious Diseases and Global Medicine","Division"
"553","<http://vivo.ufl.edu/individual/n466107>","Pediatric Dentistry","Department"
"554","<http://vivo.ufl.edu/individual/n466109>","College of the Arts","College"
"555","<http://vivo.ufl.edu/individual/n466110>","College of Pharmacy","College"
"556","<http://vivo.ufl.edu/individual/n466111>","Levin College of Law","College"
"557","<http://vivo.ufl.edu/individual/n466112>","Range Cattle Research and Education Center","Center"
"558","<http://vivo.ufl.edu/individual/n466114>","College of Nursing","College"
"559","<http://vivo.ufl.edu/individual/n466115>","Herbarium Library","Library"
"560","<http://vivo.ufl.edu/individual/n466116>","General Internal Medicine","Division"
"561","<http://vivo.ufl.edu/individual/n466117>","Office of the Vice President for Research","Department"
"562","<http://vivo.ufl.edu/individual/n466118>","School of Business","School"
"563","<http://vivo.ufl.edu/individual/n466119>","Florida Sea Grant","Center"
"564","<http://vivo.ufl.edu/individual/n466120>","Access Services","Department"
"565","<http://vivo.ufl.edu/individual/n466121>","Animal Sciences","Department"
"566","<http://vivo.ufl.edu/individual/n466123>","Periodontology","Department"
"567","<http://vivo.ufl.edu/individual/n466124>","Plant Pathology","Department"
"568","<http://vivo.ufl.edu/individual/n466125>","Prosthodontics","Division"
"569","<http://vivo.ufl.edu/individual/n466126>","Division of Student Affairs","Department"
"570","<http://vivo.ufl.edu/individual/n466127>","Everglades Research and Education Center","Center"
"571","<http://vivo.ufl.edu/individual/n466128>","University of Florida Herbarium","Museum"
"572","<http://vivo.ufl.edu/individual/n466130>","Military Units","Department"
"573","<http://vivo.ufl.edu/individual/n466131>","School of Music","School"
"574","<http://vivo.ufl.edu/individual/n466132>","Orthodontics","Department"
"575","<http://vivo.ufl.edu/individual/n466133>","Preservation","Department"
"576","<http://vivo.ufl.edu/individual/n466134>","Endodontics","Department"
"577","<http://vivo.ufl.edu/individual/n466136>","Oral Biology","Department"
"578","<http://vivo.ufl.edu/individual/n466137>","Statistics (IFAS)","Division"
"579","<http://vivo.ufl.edu/individual/n466138>","UF Alliance","Program"
"580","<http://vivo.ufl.edu/individual/n466139>","Agronomy","Department"
"581","<http://vivo.ufl.edu/individual/n466140>","Library Systems","Department"
"582","<http://vivo.ufl.edu/individual/n466171>","Information Technology","Department"
"583","<http://vivo.ufl.edu/individual/n467295>","Center for Health and the Built Environment","Center"
"584","<http://vivo.ufl.edu/individual/n46775>","Isser and Rae Price Library of Judaica","Library"
"585","<http://vivo.ufl.edu/individual/n46856>","Counseling and Wellness Center","Center"
"586","<http://vivo.ufl.edu/individual/n46926>","Public Utility Research Center","Center"
"587","<http://vivo.ufl.edu/individual/n469416>","Office of the Vice President and Chief Financial Officer","Department"
"588","<http://vivo.ufl.edu/individual/n470881>","University Budget Office","Department"
"589","<http://vivo.ufl.edu/individual/n472587>","UF Health - Spring Hill","Unknown"
"590","<http://vivo.ufl.edu/individual/n47393>","Faculty Development","Department"
"591","<http://vivo.ufl.edu/individual/n47445>","Interdisciplinary Program in Biomedical Sciences","Program"
"592","<http://vivo.ufl.edu/individual/n475022>","Powell Gene Therapy Center","Center"
"593","<http://vivo.ufl.edu/individual/n47689>","English","Department"
"594","<http://vivo.ufl.edu/individual/n4777230>","Institute for Psychological Study of the Arts","Institute"
"595","<http://vivo.ufl.edu/individual/n4777231>","Land Use and Environmental Change Institute","Institute"
"596","<http://vivo.ufl.edu/individual/n4777232>","William R. Maples Center for Forensic Medicine","Center"
"597","<http://vivo.ufl.edu/individual/n4777233>","Center for Children's Literature and Culture","Center"
"598","<http://vivo.ufl.edu/individual/n4777234>","Center for Medieval and Early Modern Studies","Center"
"599","<http://vivo.ufl.edu/individual/n4777235>","Center for Tourism Research and Development","Center"
"600","<http://vivo.ufl.edu/individual/n4777236>","Community Dentistry and Behavioral Science","Department"
"601","<http://vivo.ufl.edu/individual/n4777237>","Gastroenterology, Hepatology, and Nutrition","Division"
"602","<http://vivo.ufl.edu/individual/n4777238>","Institute of Food and Agricultural Sciences","Institute"
"603","<http://vivo.ufl.edu/individual/n47977>","Geriatric Fellowship Program","Program"
"604","<http://vivo.ufl.edu/individual/n481239>","Outreach Engineering Management Professional Master's Program","Program"
"605","<http://vivo.ufl.edu/individual/n48322>","Center for Condensed Matter Sciences","Center"
"606","<http://vivo.ufl.edu/individual/n48411>","College of Veterinary Medicine Diagnostic Laboratories","Laboratory"
"607","<http://vivo.ufl.edu/individual/n486049>","Florida Pedestrian and Bicycling Safety Resource Center","Center"
"608","<http://vivo.ufl.edu/individual/n486361>","Radiation Oncology - Jacksonville","Department"
"609","<http://vivo.ufl.edu/individual/n486694>","Florida Polytechnic University Planning","AdministrativeUnit"
"610","<http://vivo.ufl.edu/individual/n49082>","IFAS International Programs","Department"
"611","<http://vivo.ufl.edu/individual/n49110>","School of Physician Assistant Studies","School"
"612","<http://vivo.ufl.edu/individual/n493680>","Interactive Media Laboratory","Laboratory"
"613","<http://vivo.ufl.edu/individual/n493953>","Hearing Research Center","Center"
"614","<http://vivo.ufl.edu/individual/n494234>","Center for African Studies","Center"
"615","<http://vivo.ufl.edu/individual/n496630>","UF Health - Tower Square","Unknown"
"616","<http://vivo.ufl.edu/individual/n500844>","Otolaryngology - Jacksonville","Division"
"617","<http://vivo.ufl.edu/individual/n50095>","Journalism and Communications Library","Library"
"618","<http://vivo.ufl.edu/individual/n50212>","Asian Studies Program","Program"
"619","<http://vivo.ufl.edu/individual/n502502>","UF Health Recovery Center","Unknown"
"620","<http://vivo.ufl.edu/individual/n503582>","HealthStreet","Program"
"621","<http://vivo.ufl.edu/individual/n50502>","Office of Admissions","Unknown"
"622","<http://vivo.ufl.edu/individual/n50506>","Ped-I-Care","Program"
"623","<http://vivo.ufl.edu/individual/n50599>","Psychiatry - Jacksonville","Department"
"624","<http://vivo.ufl.edu/individual/n506686>","Southeast Center for Integrated Metabolomics","Center"
"625","<http://vivo.ufl.edu/individual/n50679>","Pediatric Endocrinology","Division"
"626","<http://vivo.ufl.edu/individual/n51020>","Student Government","Unknown"
"627","<http://vivo.ufl.edu/individual/n515305>","CTSI Pilot Awards Program","Program"
"628","<http://vivo.ufl.edu/individual/n51916>","P. K. Yonge Developmental Research School","School"
"629","<http://vivo.ufl.edu/individual/n51937>","UF Health Comprehensive Vein Center","Unknown"
"630","<http://vivo.ufl.edu/individual/n520038>","Neurosurgery - Jacksonville","Department"
"631","<http://vivo.ufl.edu/individual/n52289>","EH&S Emergency Management","Department"
"632","<http://vivo.ufl.edu/individual/n524447>","Spanish and Portuguese Studies","Department"
"633","<http://vivo.ufl.edu/individual/n524774476>","UF Airforce ROTC","Department"
"634","<http://vivo.ufl.edu/individual/n52761>","J. Crayton Pruitt Family Department of Biomedical Engineering","Department"
"635","<http://vivo.ufl.edu/individual/n52987>","Institutional Review Board 02","Unknown"
"636","<http://vivo.ufl.edu/individual/n533604>","Marketing and Communications","Department"
"637","<http://vivo.ufl.edu/individual/n53372>","University Athletic Association, Inc.","Unknown"
"638","<http://vivo.ufl.edu/individual/n534413>","Vector Core Lab","Laboratory"
"639","<http://vivo.ufl.edu/individual/n536992>","UF Health - Spring Hill","Unknown"
"640","<http://vivo.ufl.edu/individual/n54031>","Bergstrom Center for Real Estate Studies","Center"
"641","<http://vivo.ufl.edu/individual/n54125>","UF Health Shands Hospital","Unknown"
"642","<http://vivo.ufl.edu/individual/n54486>","Working Professional Doctor of Pharmacy Program","Program"
"643","<http://vivo.ufl.edu/individual/n54662>","UF Health Pathology Laboratories","Unknown"
"644","<http://vivo.ufl.edu/individual/n55098>","David F. Miller Center for Retailing Education and Research","Center"
"645","<http://vivo.ufl.edu/individual/n55307>","Center for Chemical Research at the Bio/Nano Interface","Center"
"646","<http://vivo.ufl.edu/individual/n55352>","Multidisciplinary Diagnostic Training Program","Program"
"647","<http://vivo.ufl.edu/individual/n558844585>","Pathology, Immunology, and Laboratory Medicine","Department"
"648","<http://vivo.ufl.edu/individual/n56289>","Transportation Research Center","Center"
"649","<http://vivo.ufl.edu/individual/n56353>","TREEO Center","Center"
"650","<http://vivo.ufl.edu/individual/n56522>","Geography","Department"
"651","<http://vivo.ufl.edu/individual/n56523>","Library West","Library"
"652","<http://vivo.ufl.edu/individual/n56773>","Pediatric Pulmonary","Division"
"653","<http://vivo.ufl.edu/individual/n568640365>","High Energy Division","Division"
"654","<http://vivo.ufl.edu/individual/n57058>","Center for Building Better Communities","Center"
"655","<http://vivo.ufl.edu/individual/n57631>","Career Resource Center","Center"
"656","<http://vivo.ufl.edu/individual/n578216>","Student Conduct and Conflict Resolution","Department"
"657","<http://vivo.ufl.edu/individual/n5824>","Student Organizations Events and Outreach","Department"
"658","<http://vivo.ufl.edu/individual/n58277>","Aquatic Toxicology Core Laboratory","Laboratory"
"659","<http://vivo.ufl.edu/individual/n58435>","Child Abuse Prevention Project","Program"
"660","<http://vivo.ufl.edu/individual/n58567>","UF Health - Plantation Oaks","Unknown"
"661","<http://vivo.ufl.edu/individual/n597168862>","Academic Health Center Information Technology","Unknown"
"662","<http://vivo.ufl.edu/individual/n60058>","Radiology - Jacksonville","Department"
"663","<http://vivo.ufl.edu/individual/n60075>","University Bursar","Department"
"664","<http://vivo.ufl.edu/individual/n60116>","Dermatology","Department"
"665","<http://vivo.ufl.edu/individual/n60167>","Florida 4-H Foundation","Unknown"
"666","<http://vivo.ufl.edu/individual/n60209>","Educational Psychology","Program"
"667","<http://vivo.ufl.edu/individual/n60556>","Risk Management and Financial Engineering Laboratory","Laboratory"
"668","<http://vivo.ufl.edu/individual/n61503>","Special Education","Program"
"669","<http://vivo.ufl.edu/individual/n62064>","Graduate Engineering & Research Center","Center"
"670","<http://vivo.ufl.edu/individual/n62510>","Pediatric Gastroenterology","Division"
"671","<http://vivo.ufl.edu/individual/n62820>","Office of Development and Alumni Affairs","Department"
"672","<http://vivo.ufl.edu/individual/n63097>","MBI-UF General Core Rooms","Laboratory"
"673","<http://vivo.ufl.edu/individual/n632204>","UF Bookstore","Department"
"674","<http://vivo.ufl.edu/individual/n63263>","Florida Tax Review","Unknown"
"675","<http://vivo.ufl.edu/individual/n63647>","Florida Electroacoustic Music Studio","Center"
"676","<http://vivo.ufl.edu/individual/n64099>","CTSI Genotyping Core","Laboratory"
"677","<http://vivo.ufl.edu/individual/n65063>","Division of Sponsored Programs","Department"
"678","<http://vivo.ufl.edu/individual/n65156>","University of Florida Health Science Center","AdministrativeUnit"
"679","<http://vivo.ufl.edu/individual/n65183>","Psychology","Department"
"680","<http://vivo.ufl.edu/individual/n65276>","Fort Lauderdale Research and Education Center","Center"
"681","<http://vivo.ufl.edu/individual/n65318>","Summer Law Program in Cape Town, South Africa","Program"
"682","<http://vivo.ufl.edu/individual/n65621>","GeoPlan Center","Center"
"683","<http://vivo.ufl.edu/individual/n65670>","UF Clinical Research Center","Center"
"684","<http://vivo.ufl.edu/individual/n65741>","CTSI Biorepository","Laboratory"
"685","<http://vivo.ufl.edu/individual/n66413>","Claude Denson Pepper Center for Research on Oral Health in Aging","Center"
"686","<http://vivo.ufl.edu/individual/n66774>","Behavioral and Cognitive Neuroscience  Program","Program"
"687","<http://vivo.ufl.edu/individual/n66871>","CLAS IT","Unknown"
"688","<http://vivo.ufl.edu/individual/n6783>","UF Health - Dunn Avenue","Unknown"
"689","<http://vivo.ufl.edu/individual/n680581182>","Political Science","Department"
"690","<http://vivo.ufl.edu/individual/n68671>","Anesthesiology - Jacksonville","Department"
"691","<http://vivo.ufl.edu/individual/n69413>","Geological Sciences","Department"
"692","<http://vivo.ufl.edu/individual/n69555>","Center for International Business Education and Research","Center"
"693","<http://vivo.ufl.edu/individual/n69593>","Housing and Residence Education","Department"
"694","<http://vivo.ufl.edu/individual/n69788>","Division of Small Business and Vendor Diversity Relations","Division"
"695","<http://vivo.ufl.edu/individual/n70098>","Pediatric Airway Center","Center"
"696","<http://vivo.ufl.edu/individual/n7023301>","Lee County Extension Office","ExtensionUnit"
"697","<http://vivo.ufl.edu/individual/n7023302>","UF Juice and Beverage Center","Center"
"698","<http://vivo.ufl.edu/individual/n7023303>","Acquisition and Licensing","Department"
"699","<http://vivo.ufl.edu/individual/n7023304>","Beef Veterinary Extension","ExtensionUnit"
"700","<http://vivo.ufl.edu/individual/n7023306>","Center for Vision Research","Center"
"701","<http://vivo.ufl.edu/individual/n7023308>","Entomology and Nematology","Department"
"702","<http://vivo.ufl.edu/individual/n7023309>","Latin American Collection","Library"
"703","<http://vivo.ufl.edu/individual/n7023310>","Bridge Software Institute","Institute"
"704","<http://vivo.ufl.edu/individual/n70464>","International Trade Law Program","Program"
"705","<http://vivo.ufl.edu/individual/n70611>","Student Legal Services","Department"
"706","<http://vivo.ufl.edu/individual/n707083090>","Center for Public Issues Education","Center"
"707","<http://vivo.ufl.edu/individual/n70733>","Graduate Program","Program"
"708","<http://vivo.ufl.edu/individual/n70811>","ICBR Proteomics Division","Laboratory"
"709","<http://vivo.ufl.edu/individual/n712369839>","Baby Gator HSC","Division"
"710","<http://vivo.ufl.edu/individual/n71448>","Clinical Electomyography Laboratory","Laboratory"
"711","<http://vivo.ufl.edu/individual/n715477821>","Baby Gator Child Development and Research Center","Department"
"712","<http://vivo.ufl.edu/individual/n71714>","Office of the University Registrar","Department"
"713","<http://vivo.ufl.edu/individual/n71875>","Conserved Forest Ecosystems: Outreach and Research","Unknown"
"714","<http://vivo.ufl.edu/individual/n71983504>","Sid Martin Biotechnology Development Incubator","Department"
"715","<http://vivo.ufl.edu/individual/n72017>","Integrated Data Repository","Program"
"716","<http://vivo.ufl.edu/individual/n72132>","Intellectual Property Law Program","Program"
"717","<http://vivo.ufl.edu/individual/n72226>","Advanced Magnetic Resonance Imagng and Spectroscopy Facility","Laboratory"
"718","<http://vivo.ufl.edu/individual/n72540>","Office of Student Life","Department"
"719","<http://vivo.ufl.edu/individual/n73111>","Center for Health Equity and Quality Research","Center"
"720","<http://vivo.ufl.edu/individual/n73210>","Center for Multimodal Solutions for Congestion Mitigation","Center"
"721","<http://vivo.ufl.edu/individual/n73914>","Intraoperative Neurophysiology Service","Department"
"722","<http://vivo.ufl.edu/individual/n74448>","University of Florida Investment Corporation","Unknown"
"723","<http://vivo.ufl.edu/individual/n74536>","Urology","Department"
"724","<http://vivo.ufl.edu/individual/n74851>","Congenital Heart Center","Center"
"725","<http://vivo.ufl.edu/individual/n75222>","University of Florida Proton Therapy Institute","Institute"
"726","<http://vivo.ufl.edu/individual/n75480>","Center for Community Education","Center"
"727","<http://vivo.ufl.edu/individual/n75540>","Pharmacodynamics","Department"
"728","<http://vivo.ufl.edu/individual/n76143>","Scanning Electron Microscopy Laboratory","Laboratory"
"729","<http://vivo.ufl.edu/individual/n765312>","Center for Environmental and Human Toxicology","Center"
"730","<http://vivo.ufl.edu/individual/n765313>","Center for Study of Lithiasis and Pathological Calcification","Center"
"731","<http://vivo.ufl.edu/individual/n765314>","College of Design, Construction and Planning","College"
"732","<http://vivo.ufl.edu/individual/n765315>","School of Special Education, School Psychology and Early Childhood Studies","School"
"733","<http://vivo.ufl.edu/individual/n765316>","Interdisciplinary Center for Musculoskeletal Training and Research","Center"
"734","<http://vivo.ufl.edu/individual/n765317>","William W. 'Bill' Hinkley Center for Solid and Hazardous Waste Management","Center"
"735","<http://vivo.ufl.edu/individual/n765318>","School of Human Development and Organizational Studies in Education","School"
"736","<http://vivo.ufl.edu/individual/n765319>","Office of the Provost and Senior Vice President for Academic Affairs","Department"
"737","<http://vivo.ufl.edu/individual/n765320>","Information Systems and Operations Management","Department"
"738","<http://vivo.ufl.edu/individual/n765321>","Interdisciplinary Center for Aeronomy and Atmospheric Sciences","Center"
"739","<http://vivo.ufl.edu/individual/n765322>","Nanoscience Institute for Medical and Engineering Technology","Institute"
"740","<http://vivo.ufl.edu/individual/n765323>","Software & Analysis of Advanced Materials Processing Center","Center"
"741","<http://vivo.ufl.edu/individual/n770487>","Center for Undergraduate Research","Center"
"742","<http://vivo.ufl.edu/individual/n77346200>","Okeechobee County Extension Office","ExtensionUnit"
"743","<http://vivo.ufl.edu/individual/n77346201>","Washington County Extension Office","ExtensionUnit"
"744","<http://vivo.ufl.edu/individual/n77346202>","Charlotte County Extension Office","ExtensionUnit"
"745","<http://vivo.ufl.edu/individual/n77346203>","Dermatology and Cutaneous Surgery","Division"
"746","<http://vivo.ufl.edu/individual/n77346205>","France-Florida Research Institute","Center"
"747","<http://vivo.ufl.edu/individual/n77346206>","Gilchrist County Extension Office","ExtensionUnit"
"748","<http://vivo.ufl.edu/individual/n77346207>","Highlands County Extension Office","ExtensionUnit"
"749","<http://vivo.ufl.edu/individual/n77346208>","Jefferson County Extension Office","ExtensionUnit"
"750","<http://vivo.ufl.edu/individual/n77346209>","Lafayette County Extension Office","ExtensionUnit"
"751","<http://vivo.ufl.edu/individual/n7756010>","Center for Applied Optimization","Center"
"752","<http://vivo.ufl.edu/individual/n7756011>","Center for Arts and Public Policy","Center"
"753","<http://vivo.ufl.edu/individual/n7756012>","Center for Environmental Policy","Center"
"754","<http://vivo.ufl.edu/individual/n7756013>","Center for Neurobiology of Aging","Center"
"755","<http://vivo.ufl.edu/individual/n7756014>","Center for Nutritional Sciences","Center"
"756","<http://vivo.ufl.edu/individual/n7756015>","Center for the Arts in Healthcare","Center"
"757","<http://vivo.ufl.edu/individual/n7756016>","Collier County Extension Office","ExtensionUnit"
"758","<http://vivo.ufl.edu/individual/n7756017>","Environmental Health and Safety","Department"
"759","<http://vivo.ufl.edu/individual/n7756018>","Flagler County Extension Office","ExtensionUnit"
"760","<http://vivo.ufl.edu/individual/n7756019>","Food Science and Human Nutrition","Department"
"761","<http://vivo.ufl.edu/individual/n7756020>","Gadsden County Extension Office","ExtensionUnit"
"762","<http://vivo.ufl.edu/individual/n7756021>","Howard T. Odum Center for Wetlands","Center"
"763","<http://vivo.ufl.edu/individual/n7756023>","Jackson County Extension Office","ExtensionUnit"
"764","<http://vivo.ufl.edu/individual/n7756024>","Liberty County Extension Office","ExtensionUnit"
"765","<http://vivo.ufl.edu/individual/n7756025>","Madison County Extension Office","ExtensionUnit"
"766","<http://vivo.ufl.edu/individual/n7756026>","Manatee County Extension Office","ExtensionUnit"
"767","<http://vivo.ufl.edu/individual/n7756027>","Mid-Florida Research and Education Center","Center"
"768","<http://vivo.ufl.edu/individual/n7756028>","Osceola County Extension Office","ExtensionUnit"
"769","<http://vivo.ufl.edu/individual/n7756029>","Seminole Tribe Extension Office","ExtensionUnit"
"770","<http://vivo.ufl.edu/individual/n7756030>","Southwest Florida Research and Education Center","Center"
"771","<http://vivo.ufl.edu/individual/n7756031>","St. Johns County Extension Office","ExtensionUnit"
"772","<http://vivo.ufl.edu/individual/n7756032>","St. Lucie County Extension Office","ExtensionUnit"
"773","<http://vivo.ufl.edu/individual/n7756033>","Volusia County Extension Office","ExtensionUnit"
"774","<http://vivo.ufl.edu/individual/n7756034>","Wakulla County Extension Office","ExtensionUnit"
"775","<http://vivo.ufl.edu/individual/n7756035>","Center for Applied Mathematics","Center"
"776","<http://vivo.ufl.edu/individual/n7756036>","Center for Organic Agriculture","Center"
"777","<http://vivo.ufl.edu/individual/n7756037>","Citrus County Extension Office","ExtensionUnit"
"778","<http://vivo.ufl.edu/individual/n7756039>","Public Relations","Department"
"779","<http://vivo.ufl.edu/individual/n7756040>","Desoto County Extension Office","ExtensionUnit"
"780","<http://vivo.ufl.edu/individual/n78603>","Healthy Gators Coalition","Unknown"
"781","<http://vivo.ufl.edu/individual/n78908>","Center for Musculoskeletal Pain Research","Center"
"782","<http://vivo.ufl.edu/individual/n791279130>","Gatorwell Health Promotional Services","Program"
"783","<http://vivo.ufl.edu/individual/n792467704>","Office of Academic Support","Department"
"784","<http://vivo.ufl.edu/individual/n80254>","School of Forest Resources and Conservation","School"
"785","<http://vivo.ufl.edu/individual/n80396>","Women's, Children's, and Family Nursing","Department"
"786","<http://vivo.ufl.edu/individual/n80408>","Hematology and Oncology","Department"
"787","<http://vivo.ufl.edu/individual/n81294>","UF Health Imaging Center Annex","Unknown"
"788","<http://vivo.ufl.edu/individual/n81351>","Hydrologic Sciences Academic Cluster","Department"
"789","<http://vivo.ufl.edu/individual/n816988>","Stephen C. O'Connell Center","Center"
"790","<http://vivo.ufl.edu/individual/n8237462>","Florida Center for Health Promotion","Center"
"791","<http://vivo.ufl.edu/individual/n8237463>","NSF Center for High-Performance Reconfigurable Computing","Center"
"792","<http://vivo.ufl.edu/individual/n8237464>","Center for the Study of Hindu Traditions","Center"
"793","<http://vivo.ufl.edu/individual/n8237465>","Center for the Humanities and the Public Sphere","Center"
"794","<http://vivo.ufl.edu/individual/n8237466>","Hypertension Center","Center"
"795","<http://vivo.ufl.edu/individual/n8237468>","Integrated Electronics Center","Center"
"796","<http://vivo.ufl.edu/individual/n8237469>","Center for Intelligent Machines and Robotics","Center"
"797","<http://vivo.ufl.edu/individual/n824623>","Center for Film Studies and Media Studies","Center"
"798","<http://vivo.ufl.edu/individual/n82651>","CTSI Simulation Center","Center"
"799","<http://vivo.ufl.edu/individual/n83306>","National Rural Behavioral Health Center","Center"
"800","<http://vivo.ufl.edu/individual/n84608>","UF Health - Old Town","Unknown"
"801","<http://vivo.ufl.edu/individual/n85662>","Ophthalmology - Jacksonville","Department"
"802","<http://vivo.ufl.edu/individual/n85665>","Analytical Toxicology Core Laboratory","Laboratory"
"803","<http://vivo.ufl.edu/individual/n86013>","Pediatric Surgery","Unknown"
"804","<http://vivo.ufl.edu/individual/n86027>","UF Development Corporation","Unknown"
"805","<http://vivo.ufl.edu/individual/n867890>","Pharmacotherapy and Translational Research","Department"
"806","<http://vivo.ufl.edu/individual/n86946>","Medical Student Anesthesia Electives","Unknown"
"807","<http://vivo.ufl.edu/individual/n871958>","Periodontal Disease Research Center","Center"
"808","<http://vivo.ufl.edu/individual/n872114798>","University of Florida Foundation","Unknown"
"809","<http://vivo.ufl.edu/individual/n87344>","UF Health - Southside","Unknown"
"810","<http://vivo.ufl.edu/individual/n87379>","Citrus Research and Development Foundation","Unknown"
"811","<http://vivo.ufl.edu/individual/n87597>","Off Campus Life","Department"
"812","<http://vivo.ufl.edu/individual/n8763420>","Oral and Maxillofacial Diagnostic Sciences","Department"
"813","<http://vivo.ufl.edu/individual/n8763421>","School of Natural Resources and Environment","School"
"814","<http://vivo.ufl.edu/individual/n8763422>","Agricultural Education and Communication","Department"
"815","<http://vivo.ufl.edu/individual/n8763423>","Center for Advanced Studies in Engineering","Center"
"816","<http://vivo.ufl.edu/individual/n8763424>","Center for Autism and Related Disabilities","Center"
"817","<http://vivo.ufl.edu/individual/n8763425>","Center for Food Distribution and Retailing","Center"
"818","<http://vivo.ufl.edu/individual/n8763426>","Center for Research in Pharmaceutical Care","Center"
"819","<http://vivo.ufl.edu/individual/n8763427>","Clinical and Translational Science Institute","Institute"
"820","<http://vivo.ufl.edu/individual/n8763428>","High Temperature Electrochemistry Center","Center"
"821","<http://vivo.ufl.edu/individual/n8763429>","Perry A. Foote Health Outcomes Modeling Laboratory","Laboratory"
"822","<http://vivo.ufl.edu/individual/n87801>","History","Department"
"823","<http://vivo.ufl.edu/individual/n88112201>","Veterinary Hospitals","Center"
"824","<http://vivo.ufl.edu/individual/n88112202>","West Florida Research and Education Center","Center"
"825","<http://vivo.ufl.edu/individual/n88112203>","Alcohol Education Center","Center"
"826","<http://vivo.ufl.edu/individual/n88112204>","Cardiovascular Medicine","Division"
"827","<http://vivo.ufl.edu/individual/n88112205>","Center for Drug Discovery","Center"
"828","<http://vivo.ufl.edu/individual/n88112206>","Center for Jewish Studies","Center"
"829","<http://vivo.ufl.edu/individual/n88112207>","Center for Remote Sensing","Center"
"830","<http://vivo.ufl.edu/individual/n88112208>","Center for Smell and Taste","Center"
"831","<http://vivo.ufl.edu/individual/n88112209>","Journalism","Department"
"832","<http://vivo.ufl.edu/individual/n88112210>","Digital Worlds Institute","Institute"
"833","<http://vivo.ufl.edu/individual/n88259>","Linguistic Development Lab","Laboratory"
"834","<http://vivo.ufl.edu/individual/n88293>","Materials Science and Engineering","Department"
"835","<http://vivo.ufl.edu/individual/n88481>","CTSI Training and Professional Development Program","Program"
"836","<http://vivo.ufl.edu/individual/n8858800>","Physiological Sciences","Department"
"837","<http://vivo.ufl.edu/individual/n8858801>","Energy Analysis and Diagnostic Center","Center"
"838","<http://vivo.ufl.edu/individual/n8858802>","Florida Center for Library Automation","Center"
"839","<http://vivo.ufl.edu/individual/n8858803>","Hillsborough County Extension Office","ExtensionUnit"
"840","<http://vivo.ufl.edu/individual/n8858804>","Particle Engineering Research Center","Center"
"841","<http://vivo.ufl.edu/individual/n8858805>","Rheumatology and Clinical Immunology","Division"
"842","<http://vivo.ufl.edu/individual/n8858806>","Software Engineering Research Center","Center"
"843","<http://vivo.ufl.edu/individual/n8858807>","University of Florida Performing Arts","Program"
"844","<http://vivo.ufl.edu/individual/n8858808>","Center for Neurobiological Sciences","Center"
"845","<http://vivo.ufl.edu/individual/n8858809>","Center for Subtropical Agroforestry","Center"
"846","<http://vivo.ufl.edu/individual/n8858820>","College of Medicine Education Center","Division"
"847","<http://vivo.ufl.edu/individual/n8858821>","Indian River County Extension Office","ExtensionUnit"
"848","<http://vivo.ufl.edu/individual/n8858822>","Plant Molecular and Cellular Biology","Program"
"849","<http://vivo.ufl.edu/individual/n8858823>","Special and Area Studies Collections","Library"
"850","<http://vivo.ufl.edu/individual/n8858824>","Applied Physiology and Kinesiology","Department"
"851","<http://vivo.ufl.edu/individual/n8858825>","Bob Graham Center for Public Service","Center"
"852","<http://vivo.ufl.edu/individual/n8858827>","Center for Research on Women's Health","Center"
"853","<http://vivo.ufl.edu/individual/n8858828>","College of Liberal Arts and Sciences","College"
"854","<http://vivo.ufl.edu/individual/n8858829>","Family, Youth and Community Sciences","Unknown"
"855","<http://vivo.ufl.edu/individual/n8858840>","Glades County Extension Office","ExtensionUnit"
"856","<http://vivo.ufl.edu/individual/n8858842>","Hardee County Extension Office","ExtensionUnit"
"857","<http://vivo.ufl.edu/individual/n8858843>","Hendry County Extension Office","ExtensionUnit"
"858","<http://vivo.ufl.edu/individual/n8858844>","Historic Preservation Program","Program"
"859","<http://vivo.ufl.edu/individual/n8858845>","Holmes County Extension Office","ExtensionUnit"
"860","<http://vivo.ufl.edu/individual/n8858846>","Marion County Extension Office","ExtensionUnit"
"861","<http://vivo.ufl.edu/individual/n8858847>","Martin County Extension Office","ExtensionUnit"
"862","<http://vivo.ufl.edu/individual/n8858849>","Monroe County Extension Office","ExtensionUnit"
"863","<http://vivo.ufl.edu/individual/n8858850>","Nassau County Extension Office","ExtensionUnit"
"864","<http://vivo.ufl.edu/individual/n8858851>","Orange County Extension Office","ExtensionUnit"
"865","<http://vivo.ufl.edu/individual/n8858853>","Rainbow Center at Jacksonville","Center"
"866","<http://vivo.ufl.edu/individual/n8858854>","School of Teaching and Learning","School"
"867","<http://vivo.ufl.edu/individual/n8858855>","Sumter County Extension Office","ExtensionUnit"
"868","<http://vivo.ufl.edu/individual/n8858856>","Taylor County Extension Office","ExtensionUnit"
"869","<http://vivo.ufl.edu/individual/n8858857>","Walton County Extension Office","ExtensionUnit"
"870","<http://vivo.ufl.edu/individual/n8858858>","Baker County Extension Office","ExtensionUnit"
"871","<http://vivo.ufl.edu/individual/n8858859>","Center for School Improvement","Center"
"872","<http://vivo.ufl.edu/individual/n8858861>","Dixie County Extension Office","ExtensionUnit"
"873","<http://vivo.ufl.edu/individual/n8858862>","Duval County Extension Office","ExtensionUnit"
"874","<http://vivo.ufl.edu/individual/n8858863>","Emerging Pathogens Institute","Institute"
"875","<http://vivo.ufl.edu/individual/n8858864>","Health Education and Behavior","Department"
"876","<http://vivo.ufl.edu/individual/n8858865>","Health Science Center Library","Library"
"877","<http://vivo.ufl.edu/individual/n8858866>","Institute of Higher Education ","Institute"
"878","<http://vivo.ufl.edu/individual/n8858867>","Lastinger Center for Learning","Center"
"879","<http://vivo.ufl.edu/individual/n8858868>","Microbiology and Cell Science","Department"
"880","<http://vivo.ufl.edu/individual/n8858869>","Pasco County Extension Office","ExtensionUnit"
"881","<http://vivo.ufl.edu/individual/n8858871>","Union County Extension Office","ExtensionUnit"
"882","<http://vivo.ufl.edu/individual/n8858872>","Center For Pharmacogenomics","Center"
"883","<http://vivo.ufl.edu/individual/n8858873>","Clay County Extension Office","ExtensionUnit"
"884","<http://vivo.ufl.edu/individual/n8858874>","Environmental Horticulture","Department"
"885","<http://vivo.ufl.edu/individual/n8858876>","Food and Resource Economics","Department"
"886","<http://vivo.ufl.edu/individual/n8858877>","Gulf County Extension Office","ExtensionUnit"
"887","<http://vivo.ufl.edu/individual/n8858878>","Institute for Wound Research","Institute"
"888","<http://vivo.ufl.edu/individual/n8858879>","Lake County Extension Office","ExtensionUnit"
"889","<http://vivo.ufl.edu/individual/n8858880>","Leon County Extension Office","ExtensionUnit"
"890","<http://vivo.ufl.edu/individual/n8858900>","Oral and Maxillofacial Surgery","Department"
"891","<http://vivo.ufl.edu/individual/n88719>","Cognitive Neuroscience Lab","Laboratory"
"892","<http://vivo.ufl.edu/individual/n88929>","UF Health - Commonwealth","Unknown"
"893","<http://vivo.ufl.edu/individual/n89190>","UF Health - Hampton Oaks","Unknown"
"894","<http://vivo.ufl.edu/individual/n89507>","Florida Dysphagia Institute","Institute"
"895","<http://vivo.ufl.edu/individual/n89616>","Center for Precollegiate Education","Center"
"896","<http://vivo.ufl.edu/individual/n89653>","National Older Driver's Research & Training Center","Center"
"897","<http://vivo.ufl.edu/individual/n897551>","Law Center Association","Unknown"
"898","<http://vivo.ufl.edu/individual/n9005>","CTSI Service Center","Division"
"899","<http://vivo.ufl.edu/individual/n90431>","Obstetrics and Gynecology - Jacksonville","Department"
"900","<http://vivo.ufl.edu/individual/n90705>","Treasure Coast Agricultural Research Foundation","Unknown"
"901","<http://vivo.ufl.edu/individual/n90868>","Criminal Justice Center","Center"
"902","<http://vivo.ufl.edu/individual/n913237741>","Student Health Care Center Nutrition Services","Department"
"903","<http://vivo.ufl.edu/individual/n914594713>","Writing Program","Program"
"904","<http://vivo.ufl.edu/individual/n9178>","University Relations","Department"
"905","<http://vivo.ufl.edu/individual/n92057>","Teaching Certificate Program","Program"
"906","<http://vivo.ufl.edu/individual/n923874>","Center for Drug Interaction Research and Education","Center"
"907","<http://vivo.ufl.edu/individual/n928712>","Advertising","Department"
"908","<http://vivo.ufl.edu/individual/n94108>","Pathology and Laboratory Medicine - Jacksonville","Department"
"909","<http://vivo.ufl.edu/individual/n94158>","UF CRC Sample Processing Laboratory","Laboratory"
"910","<http://vivo.ufl.edu/individual/n9427>","Cashier's Office ","Department"
"911","<http://vivo.ufl.edu/individual/n95618>","Interior Design","Department"
"912","<http://vivo.ufl.edu/individual/n95662>","Occupational Therapy","Department"
"913","<http://vivo.ufl.edu/individual/n957702794>","Florida Energy Systems Consortium","Unknown"
"914","<http://vivo.ufl.edu/individual/n96010>","Invasive Plants Working Group","Unknown"
"915","<http://vivo.ufl.edu/individual/n96175>","Center for Entrepreneurship and Innovation","Center"
"916","<http://vivo.ufl.edu/individual/n96688>","UF Health - Kernan Square","Unknown"
"917","<http://vivo.ufl.edu/individual/n97058>","African American Studies Program","Program"
"918","<http://vivo.ufl.edu/individual/n97138>","Comprehensive Center for Pain Research","Center"
"919","<http://vivo.ufl.edu/individual/n97195>","Southwest Florida Research and Education Foundation","Unknown"
"920","<http://vivo.ufl.edu/individual/n973980504>","UF IT Business Center","Department"
"921","<http://vivo.ufl.edu/individual/n97747>","Elizabeth B. and William F. Poe, Sr. Center for Business Ethics Education and Research","Center"
"922","<http://vivo.ufl.edu/individual/n97975>","Experimental Pathology","Division"
"923","<http://vivo.ufl.edu/individual/n98138>","Finance & Accounting","Department"
"924","<http://vivo.ufl.edu/individual/n98147>","Management","Department"
"925","<http://vivo.ufl.edu/individual/n9823>","Office for Student Financial Affairs","Department"
"926","<http://vivo.ufl.edu/individual/n985468>","UF Health - Haile Plantation","Unknown"
"927","<http://vivo.ufl.edu/individual/n98697>","ICBR Cellomics Division","Laboratory"
"928","<http://vivo.ufl.edu/individual/n987230>","College of Public Health and Health Professions","College"
"929","<http://vivo.ufl.edu/individual/n987231>","Computer Vision & Visualization Research Center","Center"
"930","<http://vivo.ufl.edu/individual/n987232>","Finance Insurance and Real Estate","Department"
"931","<http://vivo.ufl.edu/individual/n987233>","Warrington College of Business Administration","College"
"932","<http://vivo.ufl.edu/individual/n987234>","Supply Chain and Logistics Engineering Center","Center"
"933","<http://vivo.ufl.edu/individual/n987235>","Large Animal Clinical Sciences","Department"
"934","<http://vivo.ufl.edu/individual/n987236>","Small Animal Clinical Sciences","Department"
"935","<http://vivo.ufl.edu/individual/n987237>","Florida Center for Medicaid and the Uninsured","Center"
"936","<http://vivo.ufl.edu/individual/n987238>","Forensic Science Distance Education Program","Program"
